{"f1_score_train": 0.6628527841342488, "_timestamp": 1722894592.0353684, "_runtime": 2.2501204013824463, "_step": 2, "f1_score_valid": 0.6408839779005526, "f1_score": 0.7557301899148657, "_wandb": {"runtime": 1}}