{"f1_score_train": 0.8101576899447062, "_timestamp": 1722894896.5305808, "_runtime": 2.2023706436157227, "_step": 2, "f1_score_valid": 0.6586666666666666, "f1_score": 0.7527027027027028, "_wandb": {"runtime": 1}}