{"f1_score_train": 0.9140235387991223, "_timestamp": 1722895193.9634068, "_runtime": 2.2663347721099854, "_step": 2, "f1_score_valid": 0.6225352112676056, "f1_score": 0.7136752136752136, "_wandb": {"runtime": 1}}