{"f1_score_train": 0.6933176562806191, "_timestamp": 1722894419.350174, "_runtime": 2.452820062637329, "_step": 2, "f1_score_valid": 0.6662444585180493, "f1_score": 0.7479892761394102, "_wandb": {"runtime": 2}}