{"f1_score_train": 0.7988552739165985, "_timestamp": 1722894977.5364356, "_runtime": 2.059321641921997, "_step": 2, "f1_score_valid": 0.6397350993377483, "f1_score": 0.7349480968858132, "_wandb": {"runtime": 1}}