{"f1_score_train": 0.6883447600391773, "_timestamp": 1722894531.1842613, "_runtime": 2.4363882541656494, "_step": 2, "f1_score_valid": 0.6642201834862385, "f1_score": 0.7552910052910052, "_wandb": {"runtime": 2}}