{"f1_score_train": 0.6683028129129697, "_timestamp": 1722894622.1026158, "_runtime": 2.375541925430298, "_step": 2, "f1_score_valid": 0.6450405489706801, "f1_score": 0.7483617300131061, "_wandb": {"runtime": 1}}