{"f1_score_train": 0.7755349212757368, "_timestamp": 1722894945.6494498, "_runtime": 2.135406732559204, "_step": 2, "f1_score_valid": 0.6210526315789474, "f1_score": 0.7128987517337031, "_wandb": {"runtime": 1}}