{"f1_score_train": 0.6851317561069437, "_timestamp": 1722894378.0605447, "_runtime": 2.5369386672973633, "_step": 2, "f1_score_valid": 0.6511041009463723, "f1_score": 0.7309236947791163, "_wandb": {"runtime": 2}}