{"f1_score_train": 0.5726207671320814, "_timestamp": 1722894253.7421756, "_runtime": 2.2032525539398193, "_step": 2, "f1_score_valid": 0.6618625277161861, "f1_score": 0.7633495145631068, "_wandb": {"runtime": 2}}