{"f1_score_train": 0.9532232704402516, "_timestamp": 1722895046.200025, "_runtime": 2.0889689922332764, "_step": 2, "f1_score_valid": 0.5548098434004474, "f1_score": 0.649016641452345, "_wandb": {"runtime": 1}}