{"f1_score_train": 0.7646231155778895, "_timestamp": 1722894928.9096687, "_runtime": 2.314298629760742, "_step": 2, "f1_score_valid": 0.6129032258064516, "f1_score": 0.7019687712152071, "_wandb": {"runtime": 1}}