{"f1_score_train": 0.8283566930733294, "_timestamp": 1722894779.8863337, "_runtime": 2.0679566860198975, "_step": 2, "f1_score_valid": 0.6288448393711552, "f1_score": 0.7182320441988951, "_wandb": {"runtime": 1}}