{"f1_score_train": 0.6631578947368421, "_timestamp": 1722894555.7923422, "_runtime": 2.026855230331421, "_step": 2, "f1_score_valid": 0.6223306894447834, "f1_score": 0.7470817120622567, "_wandb": {"runtime": 1}}