{"f1_score_train": 0.8782816229116944, "_timestamp": 1722895139.1738617, "_runtime": 3.169886827468872, "_step": 2, "f1_score_valid": 0.574022346368715, "f1_score": 0.6806722689075632, "_wandb": {"runtime": 1}}