{"f1_score_train": 0.7226697353279632, "_timestamp": 1723502695.2330763, "_runtime": 3.701294422149658, "_step": 2, "f1_score_valid": 0.5911111111111111, "f1_score": 0.6844840386043058, "_wandb": {"runtime": 3}}