{"f1_score_train": 0.8552064078866297, "_timestamp": 1722894815.4643958, "_runtime": 2.6089508533477783, "_step": 2, "f1_score_valid": 0.6309192200557102, "f1_score": 0.7241139680333566, "_wandb": {"runtime": 2}}