{"f1_score_train": 0.6628059032318325, "_timestamp": 1722894473.0350323, "_runtime": 4.403089284896851, "_step": 2, "f1_score_valid": 0.6427703523693802, "f1_score": 0.7395287958115182, "_wandb": {"runtime": 2}}