{"f1_score_train": 0.5706051873198849, "_timestamp": 1722894163.501236, "_runtime": 2.2499849796295166, "_step": 2, "f1_score_valid": 0.6666666666666667, "f1_score": 0.7623100303951367, "_wandb": {"runtime": 2}}