{"f1_score_train": 0.8057318321392016, "_timestamp": 1722894880.930922, "_runtime": 2.0031609535217285, "_step": 2, "f1_score_valid": 0.6542056074766356, "f1_score": 0.7493224932249323, "_wandb": {"runtime": 1}}