{"f1_score_train": 0.5716118684843625, "_timestamp": 1722894357.8517017, "_runtime": 2.93475079536438, "_step": 2, "f1_score_valid": 0.6633499170812605, "f1_score": 0.7618469015795869, "_wandb": {"runtime": 2}}