{"f1_score_train": 0.6773756531836655, "_timestamp": 1722894655.642421, "_runtime": 1.7350308895111084, "_step": 2, "f1_score_valid": 0.6579439252336449, "f1_score": 0.7539473684210526, "_wandb": {"runtime": 1}}