{"f1_score_train": 0.5706940874035991, "_timestamp": 1722894190.9073305, "_runtime": 2.9213576316833496, "_step": 2, "f1_score_valid": 0.6622369878183831, "f1_score": 0.7618469015795869, "_wandb": {"runtime": 2}}