{"f1_score_train": 0.9376114081996435, "_timestamp": 1722895009.6195345, "_runtime": 2.1643314361572266, "_step": 2, "f1_score_valid": 0.5356083086053413, "f1_score": 0.6356821589205397, "_wandb": {"runtime": 1}}