{"f1_score_train": 0.6693626035047179, "_timestamp": 1722894606.356837, "_runtime": 1.7910120487213135, "_step": 2, "f1_score_valid": 0.6531365313653137, "f1_score": 0.7559055118110236, "_wandb": {"runtime": 1}}