{"f1_score_train": 0.8987189751801441, "_timestamp": 1722895178.5215375, "_runtime": 2.006112575531006, "_step": 2, "f1_score_valid": 0.6236860546601262, "f1_score": 0.7078891257995735, "_wandb": {"runtime": 1}}