{"f1_score_train": 0.8254473161033797, "_timestamp": 1722895210.0415802, "_runtime": 1.8426733016967773, "_step": 2, "f1_score_valid": 0.6147704590818364, "f1_score": 0.6965376782077393, "_wandb": {"runtime": 1}}