{"f1_score_train": 0.8744778197732246, "_timestamp": 1722895256.1420734, "_runtime": 2.1668922901153564, "_step": 2, "f1_score_valid": 0.6287671232876713, "f1_score": 0.7247386759581882, "_wandb": {"runtime": 1}}