{"f1_score_train": 0.6605714285714286, "_timestamp": 1722894571.0291202, "_runtime": 2.2902841567993164, "_step": 2, "f1_score_valid": 0.6416256157635468, "f1_score": 0.7548891786179922, "_wandb": {"runtime": 2}}