{"f1_score_train": 0.9272763498704921, "_timestamp": 1722895091.1335042, "_runtime": 1.9247801303863525, "_step": 2, "f1_score_valid": 0.5653409090909092, "f1_score": 0.6676321506154961, "_wandb": {"runtime": 1}}