{"f1_score_train": 0.9083665338645419, "_timestamp": 1722895076.7217805, "_runtime": 1.8558454513549805, "_step": 2, "f1_score_valid": 0.5438108484005563, "f1_score": 0.6537077033837294, "_wandb": {"runtime": 1}}