{"f1_score_train": 0.5770417275531742, "_timestamp": 1722894216.5912092, "_runtime": 7.597170114517212, "_step": 2, "f1_score_valid": 0.6570155902004455, "f1_score": 0.7612748045700543, "_wandb": {"runtime": 2}}