{"f1_score_train": 0.6785368685891233, "_timestamp": 1722894515.8439505, "_runtime": 2.3983235359191895, "_step": 2, "f1_score_valid": 0.6556574923547401, "f1_score": 0.7524752475247526, "_wandb": {"runtime": 1}}