{"f1_score_train": 0.8376858175974286, "_timestamp": 1722894686.869728, "_runtime": 1.6867680549621582, "_step": 2, "f1_score_valid": 0.5631067961165048, "f1_score": 0.6899930020993702, "_wandb": {"runtime": 1}}