{"f1_score_train": 0.5706486833654464, "_timestamp": 1722894298.70346, "_runtime": 4.764376878738403, "_step": 2, "f1_score_valid": 0.6596452328159645, "f1_score": 0.7598306110102844, "_wandb": {"runtime": 2}}