{"f1_score_train": 0.8654037886340977, "_timestamp": 1722895240.0493252, "_runtime": 2.0230002403259277, "_step": 2, "f1_score_valid": 0.6195054945054945, "f1_score": 0.7243767313019391, "_wandb": {"runtime": 1}}