{"f1_score_train": 0.7008716323296356, "_timestamp": 1722894450.2130706, "_runtime": 2.683032512664795, "_step": 2, "f1_score_valid": 0.6637112096263457, "f1_score": 0.7538564721663313, "_wandb": {"runtime": 2}}