{"f1_score_train": 0.6679352997145576, "_timestamp": 1722894490.114266, "_runtime": 2.4180870056152344, "_step": 2, "f1_score_valid": 0.6617466174661746, "f1_score": 0.7360742705570292, "_wandb": {"runtime": 2}}