{"f1_score_train": 0.7467694400362728, "_timestamp": 1727294674.6665547, "_runtime": 1.8462026119232178, "_step": 2, "f1_score_valid": 0.6123032904148783, "f1_score": 0.6932153392330385, "_wandb": {"runtime": 0}}