{"f1_score_train": 0.5728999034438366, "_timestamp": 1722894270.614936, "_runtime": 2.2324981689453125, "_step": 2, "f1_score_valid": 0.6625903279599777, "f1_score": 0.7625986642380084, "_wandb": {"runtime": 1}}