{"f1_score_train": 0.9160152335137303, "_timestamp": 1722894993.8389845, "_runtime": 1.9124374389648438, "_step": 2, "f1_score_valid": 0.50509461426492, "f1_score": 0.6237845923709798, "_wandb": {"runtime": 1}}