{"f1_score_train": 0.8078541374474053, "_timestamp": 1722894761.3263993, "_runtime": 2.9638264179229736, "_step": 2, "f1_score_valid": 0.607190412782956, "f1_score": 0.704088704088704, "_wandb": {"runtime": 1}}