{"f1_score_train": 0.6716049382716051, "_timestamp": 1722894639.390717, "_runtime": 2.1151840686798096, "_step": 2, "f1_score_valid": 0.6596141879278158, "f1_score": 0.7498358502954695, "_wandb": {"runtime": 1}}