{"f1_score_train": 0.6900470219435736, "_timestamp": 1722894399.2810893, "_runtime": 2.3256032466888428, "_step": 2, "f1_score_valid": 0.6551943913320586, "f1_score": 0.7451505016722408, "_wandb": {"runtime": 2}}