{"f1_score_train": 0.5718891038039974, "_timestamp": 1722894316.7780397, "_runtime": 2.5437967777252197, "_step": 2, "f1_score_valid": 0.6648168701442841, "f1_score": 0.7609756097560976, "_wandb": {"runtime": 1}}