{"f1_score_train": 0.5744336569579288, "_timestamp": 1722894235.645028, "_runtime": 2.6411561965942383, "_step": 2, "f1_score_valid": 0.6636971046770601, "f1_score": 0.7600487210718636, "_wandb": {"runtime": 2}}