{"f1_score_train": 0.7953431372549019, "_timestamp": 1722894856.1189835, "_runtime": 2.0394256114959717, "_step": 2, "f1_score_valid": 0.6397849462365591, "f1_score": 0.7484989993328885, "_wandb": {"runtime": 2}}