{"f1_score_train": 0.8424489795918366, "_timestamp": 1722894800.562551, "_runtime": 2.4065399169921875, "_step": 2, "f1_score_valid": 0.6288515406162465, "f1_score": 0.7253957329662768, "_wandb": {"runtime": 1}}