{"f1_score_train": 0.8666121112929625, "_timestamp": 1722894725.2496476, "_runtime": 2.2807765007019043, "_step": 2, "f1_score_valid": 0.6022727272727273, "f1_score": 0.7214035087719297, "_wandb": {"runtime": 1}}