{"f1_score_train": 0.5725754656390495, "_timestamp": 1722894336.7531457, "_runtime": 2.4404866695404053, "_step": 2, "f1_score_valid": 0.663338879645036, "f1_score": 0.761962447001817, "_wandb": {"runtime": 2}}