{"f1_score_train": 0.7888527257933279, "_timestamp": 1722894962.8185964, "_runtime": 4.58984637260437, "_step": 2, "f1_score_valid": 0.6316489361702128, "f1_score": 0.724878724878725, "_wandb": {"runtime": 2}}