{"f1_score_train": 0.8778797145769621, "_timestamp": 1722894743.1141255, "_runtime": 2.398054599761963, "_step": 2, "f1_score_valid": 0.6028571428571429, "f1_score": 0.7089871611982881, "_wandb": {"runtime": 1}}