{"f1_score_train": 0.9644947327350761, "_timestamp": 1722895061.3683012, "_runtime": 2.5306992530822754, "_step": 2, "f1_score_valid": 0.5508537490720119, "f1_score": 0.6600910470409711, "_wandb": {"runtime": 2}}