{"f1_score_train": 0.8496705929327211, "_timestamp": 1722895224.8849244, "_runtime": 2.014134407043457, "_step": 2, "f1_score_valid": 0.6046195652173914, "f1_score": 0.7249322493224932, "_wandb": {"runtime": 1}}