{"f1_score_train": 0.9450246305418719, "_timestamp": 1722895122.5467753, "_runtime": 2.1431052684783936, "_step": 2, "f1_score_valid": 0.581446311176041, "f1_score": 0.6778670562454346, "_wandb": {"runtime": 1}}