{"f1_score_train": 0.7149425287356322, "_timestamp": 1722890545.0462148, "_runtime": 5.279604911804199, "_step": 2, "f1_score_valid": 0.5897244973938943, "f1_score": 0.6539050535987748, "_wandb": {"runtime": 4}}