{"f1_score_train": 0.8572010592788756, "_timestamp": 1722894707.9800556, "_runtime": 2.487342596054077, "_step": 2, "f1_score_valid": 0.603641456582633, "f1_score": 0.7152777777777778, "_wandb": {"runtime": 2}}