{"f1_score_train": 0.9346573982125125, "_timestamp": 1722895106.685392, "_runtime": 2.09751296043396, "_step": 2, "f1_score_valid": 0.5724797645327447, "f1_score": 0.6782861292665214, "_wandb": {"runtime": 1}}