{"f1_score_train": 0.8897795591182365, "_timestamp": 1722895163.15562, "_runtime": 2.2150471210479736, "_step": 2, "f1_score_valid": 0.6144244105409155, "f1_score": 0.707606420097697, "_wandb": {"runtime": 1}}