{"f1_score_train": 0.6829172400235896, "_timestamp": 1722894671.491556, "_runtime": 1.8202910423278809, "_step": 2, "f1_score_valid": 0.6641509433962264, "f1_score": 0.7542932628797886, "_wandb": {"runtime": 1}}