{"f1_score_train": 0.7839967670236412, "_timestamp": 1722894836.2743452, "_runtime": 2.184126138687134, "_step": 2, "f1_score_valid": 0.6107784431137724, "f1_score": 0.7311541027351567, "_wandb": {"runtime": 1}}